{"cameraMode":{"drawMode":0,"name":"Shaded","section":"Shading Mode"},"sceneLighting":true,"audioPlay":false,"sceneViewState":{"m_AlwaysRefresh":false,"showFog":true,"showSkybox":true,"showFlares":true,"showImageEffects":true,"showParticleSystems":true,"showVisualEffectGraphs":true,"m_FxEnabled":true},"in2DMode":false,"pivot":{"x":14.046436309814454,"y":-6.330589294433594,"z":17.84588623046875},"rotation":{"x":0.07184510678052902,"y":0.050843823701143268,"z":-0.003724931040778756,"w":0.9961532354354858},"size":94.7934341430664,"orthographic":false}