{"cameraMode":{"drawMode":0,"name":"Shaded","section":"Shading Mode"},"sceneLighting":false,"audioPlay":false,"sceneViewState":{"m_AlwaysRefresh":false,"showFog":true,"showSkybox":false,"showFlares":true,"showImageEffects":true,"showParticleSystems":true,"showVisualEffectGraphs":true,"m_FxEnabled":true},"in2DMode":false,"pivot":{"x":-0.690000057220459,"y":1.3200000524520875,"z":8.729999542236329},"rotation":{"x":0.13924437761306764,"y":-0.19471628963947297,"z":0.02793625183403492,"w":0.9705303907394409},"size":0.8660253882408142,"orthographic":false}